<?xml version="1.0" encoding="UTF-8"?>
<lr:LogReport xmlns:dcml="http://www.smpte-ra.org/schemas/433/2008/dcmlTypes"
			xmlns:ds="http://www.w3.org/2000/09/xmldsig#"
			xmlns:lr="http://www.smpte-ra.org/schemas/430-4/2008/LogRecord"
			xmlns:xs="http://www.w3.org/2001/XMLSchema"
			xmlns:xsi="http://www.w3.org/2001/XMLSchema-instance"
			xsi:schemaLocation="http://www.smpte-ra.org/schemas/430-4/2008/LogRecord ../logrecord/LogRecord.xsd
			http://www.smpte-ra.org/schemas/433/2008/dcmlTypes ../datatypes/dcmlTypes.xsd">
	<lr:reportDate>2007-05-04T09:30:47-08:00</lr:reportDate>
	<lr:reportingDevice>
		<dcml:DeviceIdentifier idtype="CertThumbprint">YmVsc3dpY2tAZW50ZXJ0ZWNoLmNvbQ==</dcml:DeviceIdentifier>
		<dcml:DeviceTypeID scope="http://www.smpte-ra.org/schemas/433/2006/DCMLTypes/#DeviceTypeTokens">SM</dcml:DeviceTypeID>
		<dcml:DeviceSerial>000000042</dcml:DeviceSerial>
		<dcml:ManufacturerCertID>rlpve6MSncWouNIpFcTSIhk6w2A=</dcml:ManufacturerCertID>
		<dcml:DeviceCertID>9czqa+0orIADHDIYxAkn/IcmZ3o=</dcml:DeviceCertID>
		<dcml:ManufacturerName>Acme Digital Cinema Inc.</dcml:ManufacturerName>
		<dcml:DeviceName>Mojo Media Block</dcml:DeviceName>
		<dcml:ModelNumber>MB-3000</dcml:ModelNumber>
		<dcml:VersionInfo>
			<dcml:Name>Bootloader</dcml:Name>
			<dcml:Value>1.0.0.0</dcml:Value>
			<dcml:Name>Security Module</dcml:Name>
			<dcml:Value>3.4.2.1</dcml:Value>
		</dcml:VersionInfo>
	</lr:reportingDevice>
	<!-- ASM Link Opened Record-->
	<lr:LogRecordElement>
		<lr:LogRecordHeader>
			<lr:EventID>urn:uuid:00000000-0000-0000-0000-000000000000</lr:EventID>
			<lr:TimeStamp>2005-12-17T09:30:47-05:00</lr:TimeStamp>
			<lr:EventSequence>1000001</lr:EventSequence>
			<lr:DeviceSourceID>
				<dcml:PrimaryID idtype="CertThumbprint">UHJpbWFyeSBEZXZpY2UgSUQ=</dcml:PrimaryID>
			</lr:DeviceSourceID>
			<lr:EventClass>http://www.smpte-ra.org/430-5/2008/SecurityLog/</lr:EventClass>
			<lr:EventType scope="http://www.smpte-ra.org/430-5/2008/SecurityLog/#EventTypes">ASM</lr:EventType>
			<!--previousHeaderHash not meaningful, there is no previous header -->
			<lr:recordBodyHash>857ABCD023abcd84</lr:recordBodyHash>
		</lr:LogRecordHeader>
		<lr:LogRecordBody>
			<lr:EventID>urn:uuid:00000000-0000-0000-0000-000000000000</lr:EventID>
			<lr:EventSubType scope="http://www.smpte-ra.org/430-5/2008/SecurityLog/#EventTypes">LinkOpened</lr:EventSubType>
			<lr:Parameters>
				<dcml:Parameter>
					<dcml:Name>DeviceConnectedID</dcml:Name>
					<dcml:Value xsi:type="ds:DigestValueType">rlpve6MSncWouNIpFcTSIhk6w2A=</dcml:Value>
				</dcml:Parameter>
			</lr:Parameters>
			<lr:Exceptions>
				<dcml:Parameter>
					<dcml:Name>CertFormatError</dcml:Name>
					<dcml:Value xsi:type="xs:string">Could not read certificate</dcml:Value>
				</dcml:Parameter>
			</lr:Exceptions>
			<lr:DeviceDescription>
				<dcml:DeviceIdentifier idtype="CertThumbprint">rlpve6MSncWouNIpFcTSIhk6w2A=</dcml:DeviceIdentifier>
				<dcml:DeviceTypeID scope="http://www.smpte-ra.org/schemas/433/2006/DCMLTypes/#DeviceTypeTokens">PR</dcml:DeviceTypeID>
				<dcml:DeviceSubsystemTypeID scope="http://www.smpte-ra.org/schemas/433/2006/DCMLTypes/#DeviceTypeTokens">LD</dcml:DeviceSubsystemTypeID>
				<dcml:DeviceSerial>4032</dcml:DeviceSerial>
				<dcml:ManufacturerCertID>Rm9yIFNhbGUgdG8gV2lsZSBFLiBDb3lvdGU=</dcml:ManufacturerCertID>
				<dcml:DeviceCertID>9czqa+0orIADHDIYxAkn/IcmZ3o=</dcml:DeviceCertID>
				<dcml:ManufacturerName>Acme Digital Projectors Inc.</dcml:ManufacturerName>
				<dcml:DeviceName>Projector</dcml:DeviceName>
				<dcml:ModelNumber>PR3000</dcml:ModelNumber>
				<dcml:VersionInfo>
					<dcml:Name>Link Decryptor</dcml:Name>
					<dcml:Value>2.4.5.1</dcml:Value>
				</dcml:VersionInfo>
			</lr:DeviceDescription>
		</lr:LogRecordBody>
		<lr:LogRecordSignature>
			<lr:HeaderPlacement>start</lr:HeaderPlacement>
			<lr:SequenceLength>2</lr:SequenceLength>
		</lr:LogRecordSignature>
	</lr:LogRecordElement>

	<!--SPBClockAdjust Record-->
	<lr:LogRecordElement>
		<lr:LogRecordHeader>
			<lr:EventID>urn:uuid:00000000-0000-0000-0000-000000000001</lr:EventID>
			<lr:TimeStamp>2005-12-17T10:15:00-05:00</lr:TimeStamp>
			<lr:EventSequence>1000002</lr:EventSequence>
			<lr:DeviceSourceID>
				<dcml:PrimaryID idtype="CertThumbprint">rlpve6MSncWouNIpFcTSIhk6w2A=</dcml:PrimaryID>
			</lr:DeviceSourceID>
			<lr:EventClass>http://www.smpte-ra.org/430-5/2008/SecurityLog/</lr:EventClass>
			<lr:EventType scope="http://www.smpte-ra.org/430-5/2008/SecurityLog/#EventTypes">Operations</lr:EventType>
			<lr:previousHeaderHash>UHJldmlvdXMgSGVhZGVyIEhhc2g=</lr:previousHeaderHash>
			<lr:recordBodyHash>VGVzdCBCb2R5IEhhc2g=</lr:recordBodyHash>
		</lr:LogRecordHeader>
		<lr:LogRecordBody>
			<lr:EventID>urn:uuid:00000000-0000-0000-0000-000000000001</lr:EventID>
			<lr:EventSubType scope="http://www.smpte-ra.org/430-5/2008/SecurityLog/#EventSubTypes-operations">SPBClockAdjust</lr:EventSubType>
			<lr:Parameters>
				<dcml:Parameter>
					<dcml:Name>AuthID</dcml:Name>
					<dcml:Value xsi:type="xs:string">Theatre137-Operator13</dcml:Value>
				</dcml:Parameter>
				<dcml:Parameter>
					<dcml:Name>TimeOffset</dcml:Name>
					<dcml:Value xsi:type="xs:integer">135</dcml:Value>
				</dcml:Parameter>
			</lr:Parameters>
			<lr:Exceptions>
				<dcml:Parameter>
					<dcml:Name>AdjustmentRangeError</dcml:Name>
					<dcml:Value xsi:type="xs:string">Max adjustment allowed = +/-100 seconds</dcml:Value>
				</dcml:Parameter>
			</lr:Exceptions>
		</lr:LogRecordBody>
	</lr:LogRecordElement>

	<!-- KDM Keys Received -->
	<lr:LogRecordElement>
		<lr:LogRecordHeader>
			<lr:EventID>urn:uuid:00000000-0000-0000-0000-000000000002</lr:EventID>
			<lr:TimeStamp>2005-12-17T10:45:00-05:00</lr:TimeStamp>
			<lr:EventSequence>1000003</lr:EventSequence>
			<lr:DeviceSourceID>
				<dcml:PrimaryID idtype="CertThumbprint">VGVzdCBDZXJ0aWZpY2F0ZSBUaHVtYnByaW50</dcml:PrimaryID>
			</lr:DeviceSourceID>
			<lr:EventClass>http://www.smpte-ra.org/430-5/2008/SecurityLog/</lr:EventClass>
			<lr:EventType scope="http://www.smpte-ra.org/430-5/2008/SecurityLog/#EventTypes">Key</lr:EventType>
			<lr:contentId>urn:uuid:733365c3-2d44-4f93-accd-43cb39b0cedf</lr:contentId>
			<lr:previousHeaderHash>9czqa+0orIADHDIYxAkn/IcmZ3o=</lr:previousHeaderHash>
			<lr:recordBodyHash>9czqa+0orIADHDIYxAkn/IcmZ3o=</lr:recordBodyHash>
		</lr:LogRecordHeader>
		<lr:LogRecordBody>
			<lr:EventID>urn:uuid:00000000-0000-0000-0000-000000000002</lr:EventID>
			<lr:EventSubType scope="http://www.smpte-ra.org/430-5/2008/SecurityLog/#EventSubTypes-key">KDMKeysReceived</lr:EventSubType>
			<lr:Parameters>
				<dcml:Parameter>
					<dcml:Name>SignerID</dcml:Name>
					<dcml:Value xsi:type="ds:DigestValueType">rlpve6MSncWouNIpFcTSIhk6w2A=</dcml:Value>
				</dcml:Parameter>
			</lr:Parameters>
			<lr:Exceptions>
				<dcml:Parameter>
					<dcml:Name>KDMFormatError</dcml:Name>
					<dcml:Value xsi:type="xs:string">XML validation failed on line 36</dcml:Value>
				</dcml:Parameter>
			</lr:Exceptions>
			<lr:ReferencedIDs>
				<lr:ReferencedID>
					<lr:IDName>CompositionID</lr:IDName>
					<lr:IDValue>urn:uuid:64bb6972-13a0-1348-a5e3-ae45420ea57d</lr:IDValue>
				</lr:ReferencedID>
				<lr:ReferencedID>
					<lr:IDName>KeyDeliveryMessageID</lr:IDName>
					<lr:IDValue>urn:uuid:64bb6972-13a0-1348-a5e3-ae45420ea57d</lr:IDValue>
				</lr:ReferencedID>
			</lr:ReferencedIDs>
		</lr:LogRecordBody>
		<lr:LogRecordSignature>
			<lr:HeaderPlacement>stop</lr:HeaderPlacement>
			<lr:SequenceLength>2</lr:SequenceLength>
			<lr:RecordAuthData Id="ID_RecordAuthData">
				<lr:RecordHeaderHash>SG93IE1hbnkgTW9yZSBSZXZpc2lvbnM/</lr:RecordHeaderHash>
				<lr:SignerCertInfo>
					<ds:X509IssuerName>Name of Issuer</ds:X509IssuerName>
					<ds:X509SerialNumber>00010011111</ds:X509SerialNumber>
				</lr:SignerCertInfo>
			</lr:RecordAuthData>
			<!--Note: The Following Signature is not valid, but is provided as a structural example. -->
			<ds:Signature xmlns:ds="http://www.w3.org/2000/09/xmldsig#">
				<ds:SignedInfo>
					<ds:CanonicalizationMethod Algorithm="http://www.w3.org/TR/2001/REC-xml-c14n-20010315"/>
					<ds:SignatureMethod Algorithm="http://www.w3.org/2000/09/xmldsig#rsa-sha1"/>
					<ds:Reference URI="#ID_RecordAuthData">
						<ds:DigestMethod Algorithm="http://www.w3.org/2000/09/xmldsig#sha1"/>
						<ds:DigestValue>kMWRvprpM21YXuAVMvaoMIpJ1Wk=</ds:DigestValue>
					</ds:Reference>
				</ds:SignedInfo>
       
			<ds:SignatureValue>G5yvK3r1Gmqzl3wuCcf4luJIcoQyUGMvsDpG6wV5aZOU7SwhQxcigpqBKVjW992N
lkMFaGEPqitoljMRo9l9uzuIh17IVJm0mqOZDKZqv2XdhHXmsE4FgBGy/FEhC0Sv
ii1Ne9LDCG3V6IWUkY72on7Y9x5KLAxXeTXK5h+ZWSpgdQ1G/Np/8Gp9YBn+tBd9
duEvcQtiySi32P4L38gf0nn1YorjbUgHU7toEycxuifl0ZfxkUD7SmP3EDr+TbNZ
qkXo8Pnh4wrOG2qrIyrdEAEATEofK0LI8Xtf3lLOrHuMzvCSKa44yyJkHcqtuUuk
RhrX6+dJPg5RGWOmQEc/fA==</ds:SignatureValue>
			<ds:KeyInfo>
				<ds:X509Data>
					<ds:X509IssuerSerial>
						<ds:X509IssuerName>Name of Issuer</ds:X509IssuerName>
						<ds:X509SerialNumber>16580</ds:X509SerialNumber>
					</ds:X509IssuerSerial>
					<ds:X509Certificate>MIIE4TCCA8mgAwIBAgICQMQwDQYJKoZIhvcNAQEFBQAwgawxJTAjBgNVBC4THHZuprvjRSdIcg==</ds:X509Certificate>
				</ds:X509Data>
			</ds:KeyInfo>
		</ds:Signature>
		</lr:LogRecordSignature>
	</lr:LogRecordElement>
</lr:LogReport>